ts,HUFL,HULL,MUFL,MULL,LUFL,LULL,OT
2024-01-01T00:00:00,60.0,28.0,52.0,28.4,8.0,-8.0,52.2
2024-01-01T01:00:00,60.805,28.603,51.997,28.748,8.156,-8.002,52.523
2024-01-01T02:00:00,61.609,29.204,51.988,29.093,8.312,-8.01,52.846
2024-01-01T03:00:00,62.411,29.802,51.973,29.434,8.469,-8.022,53.168
2024-01-01T04:00:00,63.208,30.396,51.952,29.772,8.624,-8.039,53.488
2024-01-01T05:00:00,64.0,30.984,51.925,30.106,8.78,-8.06,53.805
2024-01-01T06:00:00,64.786,31.566,51.892,30.434,8.936,-8.086,54.12
2024-01-01T07:00:00,65.564,32.141,51.853,30.758,9.091,-8.118,54.431
2024-01-01T08:00:00,66.333,32.708,51.808,31.075,9.246,-8.153,54.739
2024-01-01T09:00:00,67.092,33.266,51.758,31.386,9.401,-8.194,55.041
2024-01-01T10:00:00,67.839,33.814,51.701,31.69,9.555,-8.239,55.339
2024-01-01T11:00:00,68.573,34.351,51.639,31.986,9.708,-8.288,55.631
2024-01-01T12:00:00,69.293,34.877,51.571,32.274,9.861,-8.342,55.917
2024-01-01T13:00:00,69.998,35.389,51.497,32.555,10.014,-8.401,56.197
2024-01-01T14:00:00,70.687,35.889,51.417,32.826,10.166,-8.463,56.469
2024-01-01T15:00:00,71.359,36.374,51.332,33.088,10.317,-8.53,56.734
2024-01-01T16:00:00,72.012,36.844,51.241,33.34,10.468,-8.602,56.991
2024-01-01T17:00:00,72.646,37.298,51.144,33.583,10.618,-8.677,57.239
2024-01-01T18:00:00,73.259,37.736,51.042,33.814,10.767,-8.756,57.478
2024-01-01T19:00:00,73.851,38.156,50.935,34.035,10.915,-8.839,57.707
2024-01-01T20:00:00,74.42,38.558,50.822,34.244,11.063,-8.926,57.927
2024-01-01T21:00:00,74.966,38.942,50.704,34.442,11.209,-9.017,58.137
2024-01-01T22:00:00,75.488,39.306,50.581,34.628,11.355,-9.111,58.336
2024-01-01T23:00:00,75.984,39.65,50.453,34.802,11.499,-9.209,58.524
2024-01-02T00:00:00,76.455,39.974,50.319,34.963,11.642,-9.31,58.701
2024-01-02T01:00:00,76.9,40.277,50.181,35.111,11.785,-9.415,58.866
2024-01-02T02:00:00,77.317,40.558,50.037,35.246,11.926,-9.522,59.02
2024-01-02T03:00:00,77.706,40.817,49.889,35.368,12.066,-9.633,59.161
2024-01-02T04:00:00,78.067,41.054,49.736,35.476,12.205,-9.746,59.29
2024-01-02T05:00:00,78.398,41.268,49.579,35.571,12.342,-9.862,59.406
2024-01-02T06:00:00,78.701,41.458,49.416,35.651,12.478,-9.981,59.509
2024-01-02T07:00:00,78.973,41.625,49.25,35.717,12.613,-10.102,59.599
2024-01-02T08:00:00,79.215,41.769,49.079,35.769,12.747,-10.225,59.676
2024-01-02T09:00:00,79.426,41.888,48.904,35.807,12.879,-10.351,59.74
2024-01-02T10:00:00,79.606,41.983,48.724,35.831,13.009,-10.478,59.79
2024-01-02T11:00:00,79.755,42.053,48.541,35.84,13.138,-10.608,59.826
2024-01-02T12:00:00,79.873,42.1,48.353,35.834,13.266,-10.739,59.849
2024-01-02T13:00:00,79.959,42.121,48.162,35.814,13.392,-10.871,59.858
2024-01-02T14:00:00,80.013,42.118,47.967,35.779,13.516,-11.005,59.854
2024-01-02T15:00:00,80.036,42.09,47.769,35.73,13.639,-11.14,59.835
2024-01-02T16:00:00,80.027,42.037,47.567,35.667,13.76,-11.276,59.803
2024-01-02T17:00:00,79.987,41.961,47.362,35.589,13.879,-11.413,59.758
2024-01-02T18:00:00,79.915,41.859,47.153,35.497,13.996,-11.551,59.699
2024-01-02T19:00:00,79.812,41.734,46.942,35.39,14.112,-11.689,59.626
2024-01-02T20:00:00,79.678,41.584,46.727,35.27,14.226,-11.828,59.54
2024-01-02T21:00:00,79.514,41.411,46.51,35.136,14.338,-11.967,59.441
2024-01-02T22:00:00,79.319,41.214,46.29,34.988,14.447,-12.106,59.329
2024-01-02T23:00:00,79.095,40.994,46.067,34.827,14.556,-12.244,59.204
2024-01-03T00:00:00,78.841,40.752,45.842,34.653,14.662,-12.383,59.066
2024-01-03T01:00:00,78.558,40.486,45.614,34.465,14.766,-12.521,58.916
2024-01-03T02:00:00,78.247,40.2,45.385,34.265,14.868,-12.658,58.754
2024-01-03T03:00:00,77.908,39.891,45.153,34.053,14.968,-12.795,58.58
2024-01-03T04:00:00,77.542,39.562,44.92,33.829,15.065,-12.93,58.394
2024-01-03T05:00:00,77.15,39.212,44.684,33.593,15.161,-13.065,58.198
2024-01-03T06:00:00,76.732,38.842,44.448,33.345,15.255,-13.198,57.99
2024-01-03T07:00:00,76.289,38.454,44.209,33.087,15.346,-13.33,57.772
2024-01-03T08:00:00,75.822,38.046,43.97,32.818,15.435,-13.46,57.544
2024-01-03T09:00:00,75.332,37.621,43.729,32.539,15.522,-13.588,57.306
2024-01-03T10:00:00,74.82,37.179,43.487,32.25,15.607,-13.715,57.059
2024-01-03T11:00:00,74.287,36.72,43.244,31.951,15.689,-13.839,56.803
2024-01-03T12:00:00,73.733,36.246,43.0,31.644,15.769,-13.962,56.538
2024-01-03T13:00:00,73.16,35.757,42.756,31.329,15.847,-14.081,56.266
2024-01-03T14:00:00,72.569,35.253,42.512,31.005,15.922,-14.199,55.986
2024-01-03T15:00:00,71.961,34.737,42.267,30.674,15.995,-14.313,55.699
2024-01-03T16:00:00,71.336,34.208,42.022,30.337,16.066,-14.425,55.406
2024-01-03T17:00:00,70.697,33.668,41.777,29.993,16.134,-14.534,55.107
2024-01-03T18:00:00,70.044,33.117,41.532,29.643,16.199,-14.64,54.802
2024-01-03T19:00:00,69.379,32.556,41.287,29.287,16.263,-14.743,54.492
2024-01-03T20:00:00,68.702,31.987,41.043,28.927,16.323,-14.842,54.179
2024-01-03T21:00:00,68.015,31.41,40.799,28.563,16.382,-14.938,53.861
2024-01-03T22:00:00,67.319,30.826,40.556,28.195,16.437,-15.031,53.54
2024-01-03T23:00:00,66.616,30.236,40.314,27.824,16.49,-15.12,53.216
2024-01-04T00:00:00,65.906,29.642,40.073,27.451,16.541,-15.205,52.891
2024-01-04T01:00:00,65.191,29.043,39.833,27.075,16.589,-15.286,52.564
2024-01-04T02:00:00,64.473,28.442,39.595,26.698,16.634,-15.363,52.236
2024-01-04T03:00:00,63.752,27.839,39.357,26.321,16.677,-15.436,51.908
2024-01-04T04:00:00,63.029,27.234,39.122,25.943,16.717,-15.505,51.58
2024-01-04T05:00:00,62.307,26.63,38.888,25.566,16.755,-15.57,51.252
2024-01-04T06:00:00,61.587,26.027,38.656,25.189,16.79,-15.63,50.927
2024-01-04T07:00:00,60.869,25.427,38.426,24.815,16.822,-15.687,50.603
2024-01-04T08:00:00,60.155,24.829,38.198,24.442,16.852,-15.738,50.282
2024-01-04T09:00:00,59.446,24.235,37.973,24.072,16.878,-15.785,49.964
2024-01-04T10:00:00,58.744,23.646,37.75,23.706,16.903,-15.828,49.65
2024-01-04T11:00:00,58.049,23.064,37.529,23.343,16.924,-15.866,49.34
2024-01-04T12:00:00,57.364,22.488,37.311,22.985,16.943,-15.899,49.035
2024-01-04T13:00:00,56.689,21.92,37.096,22.631,16.959,-15.928,48.735
2024-01-04T14:00:00,56.025,21.361,36.884,22.283,16.973,-15.952,48.442
2024-01-04T15:00:00,55.374,20.812,36.675,21.942,16.984,-15.971,48.155
2024-01-04T16:00:00,54.736,20.274,36.469,21.607,16.992,-15.985,47.875
2024-01-04T17:00:00,54.114,19.747,36.267,21.278,16.997,-15.995,47.602
2024-01-04T18:00:00,53.508,19.232,36.068,20.958,17.0,-15.999,47.338
2024-01-04T19:00:00,52.919,18.731,35.872,20.645,17.0,-15.999,47.082
2024-01-04T20:00:00,52.348,18.244,35.68,20.342,16.997,-15.994,46.835
2024-01-04T21:00:00,51.796,17.771,35.492,20.047,16.991,-15.985,46.597
2024-01-04T22:00:00,51.264,17.314,35.308,19.761,16.983,-15.97,46.37
2024-01-04T23:00:00,50.754,16.874,35.128,19.486,16.972,-15.951,46.153
2024-01-05T00:00:00,50.265,16.451,34.952,19.221,16.959,-15.927,45.946
2024-01-05T01:00:00,49.8,16.045,34.78,18.966,16.942,-15.898,45.751
2024-01-05T02:00:00,49.358,15.657,34.613,18.723,16.923,-15.864,45.567
2024-01-05T03:00:00,48.941,15.289,34.45,18.491,16.902,-15.826,45.395
2024-01-05T04:00:00,48.548,14.94,34.291,18.27,16.877,-15.783,45.235
2024-01-05T05:00:00,48.182,14.611,34.138,18.062,16.85,-15.736,45.087
2024-01-05T06:00:00,47.843,14.303,33.989,17.867,16.821,-15.684,44.952
2024-01-05T07:00:00,47.53,14.016,33.844,17.684,16.788,-15.628,44.831
2024-01-05T08:00:00,47.246,13.751,33.705,17.513,16.753,-15.567,44.722
2024-01-05T09:00:00,46.99,13.507,33.571,17.357,16.715,-15.502,44.627
2024-01-05T10:00:00,46.762,13.286,33.441,17.213,16.675,-15.433,44.546
2024-01-05T11:00:00,46.563,13.087,33.317,17.083,16.632,-15.36,44.479
2024-01-05T12:00:00,46.394,12.911,33.198,16.967,16.587,-15.282,44.426
2024-01-05T13:00:00,46.255,12.759,33.084,16.865,16.539,-15.201,44.386
2024-01-05T14:00:00,46.146,12.629,32.976,16.777,16.488,-15.116,44.361
2024-01-05T15:00:00,46.067,12.524,32.873,16.704,16.435,-15.027,44.351
2024-01-05T16:00:00,46.018,12.441,32.776,16.644,16.379,-14.934,44.355
2024-01-05T17:00:00,46.0,12.383,32.684,16.599,16.321,-14.838,44.373
2024-01-05T18:00:00,46.012,12.348,32.598,16.568,16.26,-14.738,44.406
2024-01-05T19:00:00,46.055,12.338,32.517,16.551,16.197,-14.636,44.453
2024-01-05T20:00:00,46.128,12.351,32.442,16.549,16.131,-14.529,44.514
2024-01-05T21:00:00,46.232,12.387,32.373,16.562,16.063,-14.42,44.59
2024-01-05T22:00:00,46.365,12.447,32.309,16.588,15.992,-14.308,44.68
2024-01-05T23:00:00,46.528,12.531,32.252,16.629,15.919,-14.194,44.785
2024-01-06T00:00:00,46.721,12.637,32.2,16.684,15.844,-14.076,44.903
2024-01-06T01:00:00,46.943,12.767,32.154,16.752,15.766,-13.956,45.035
2024-01-06T02:00:00,47.194,12.919,32.114,16.835,15.686,-13.834,45.18
2024-01-06T03:00:00,47.473,13.094,32.08,16.931,15.603,-13.709,45.339
2024-01-06T04:00:00,47.78,13.29,32.052,17.041,15.518,-13.583,45.511
2024-01-06T05:00:00,48.114,13.508,32.03,17.164,15.431,-13.454,45.697
2024-01-06T06:00:00,48.475,13.748,32.014,17.3,15.342,-13.324,45.894
2024-01-06T07:00:00,48.862,14.008,32.004,17.448,15.251,-13.192,46.104
2024-01-06T08:00:00,49.275,14.288,32.0,17.61,15.157,-13.059,46.327
2024-01-06T09:00:00,49.712,14.588,32.002,17.783,15.061,-12.924,46.56
2024-01-06T10:00:00,50.173,14.907,32.01,17.968,14.963,-12.789,46.806
2024-01-06T11:00:00,50.657,15.244,32.024,18.165,14.863,-12.652,47.062
2024-01-06T12:00:00,51.163,15.6,32.044,18.373,14.761,-12.515,47.328
2024-01-06T13:00:00,51.691,15.972,32.07,18.592,14.657,-12.377,47.605
2024-01-06T14:00:00,52.239,16.361,32.102,18.821,14.551,-12.238,47.892
2024-01-06T15:00:00,52.806,16.766,32.14,19.06,14.443,-12.1,48.188
2024-01-06T16:00:00,53.392,17.185,32.183,19.309,14.333,-11.961,48.492
2024-01-06T17:00:00,53.995,17.619,32.233,19.567,14.221,-11.822,48.805
2024-01-06T18:00:00,54.614,18.067,32.288,19.834,14.107,-11.683,49.126
2024-01-06T19:00:00,55.249,18.527,32.35,20.109,13.991,-11.545,49.454
2024-01-06T20:00:00,55.897,18.998,32.417,20.392,13.874,-11.407,49.788
2024-01-06T21:00:00,56.558,19.481,32.49,20.682,13.754,-11.27,50.129
2024-01-06T22:00:00,57.231,19.974,32.568,20.979,13.633,-11.134,50.476
2024-01-06T23:00:00,57.915,20.476,32.653,21.283,13.511,-10.999,50.828
2024-01-07T00:00:00,58.608,20.986,32.743,21.592,13.386,-10.865,51.185
2024-01-07T01:00:00,59.309,21.503,32.838,21.906,13.26,-10.733,51.545
2024-01-07T02:00:00,60.016,22.027,32.939,22.226,13.133,-10.602,51.909
2024-01-07T03:00:00,60.729,22.556,33.045,22.549,13.004,-10.473,52.276
2024-01-07T04:00:00,61.447,23.09,33.157,22.876,12.873,-10.345,52.645
2024-01-07T05:00:00,62.167,23.627,33.274,23.206,12.741,-10.22,53.016
2024-01-07T06:00:00,62.889,24.167,33.397,23.539,12.607,-10.097,53.387
2024-01-07T07:00:00,63.611,24.708,33.524,23.874,12.472,-9.976,53.76
2024-01-07T08:00:00,64.332,25.25,33.657,24.21,12.336,-9.857,54.132
2024-01-07T09:00:00,65.052,25.792,33.794,24.547,12.199,-9.741,54.503
2024-01-07T10:00:00,65.767,26.332,33.937,24.885,12.06,-9.628,54.874
2024-01-07T11:00:00,66.478,26.87,34.084,25.222,11.92,-9.517,55.242
2024-01-07T12:00:00,67.183,27.405,34.236,25.559,11.778,-9.41,55.608
2024-01-07T13:00:00,67.88,27.935,34.393,25.894,11.636,-9.306,55.97
2024-01-07T14:00:00,68.569,28.46,34.555,26.228,11.493,-9.205,56.329
2024-01-07T15:00:00,69.248,28.98,34.72,26.559,11.348,-9.107,56.684
2024-01-07T16:00:00,69.916,29.492,34.891,26.887,11.203,-9.013,57.034
2024-01-07T17:00:00,70.571,29.996,35.065,27.212,11.056,-8.922,57.379
2024-01-07T18:00:00,71.213,30.491,35.244,27.533,10.909,-8.836,57.718
2024-01-07T19:00:00,71.84,30.977,35.427,27.849,10.76,-8.753,58.05
2024-01-07T20:00:00,72.452,31.452,35.613,28.16,10.611,-8.673,58.375
2024-01-07T21:00:00,73.047,31.915,35.804,28.466,10.461,-8.598,58.693
2024-01-07T22:00:00,73.623,32.367,35.998,28.766,10.311,-8.527,59.003
2024-01-07T23:00:00,74.181,32.805,36.196,29.06,10.159,-8.461,59.304
2024-01-08T00:00:00,74.718,33.229,36.397,29.346,10.007,-8.398,59.597
2024-01-08T01:00:00,75.234,33.639,36.602,29.626,9.855,-8.34,59.879
2024-01-08T02:00:00,75.729,34.033,36.81,29.897,9.702,-8.286,60.152
2024-01-08T03:00:00,76.2,34.412,37.021,30.161,9.548,-8.237,60.415
2024-01-08T04:00:00,76.648,34.774,37.235,30.415,9.394,-8.192,60.667
2024-01-08T05:00:00,77.07,35.118,37.452,30.661,9.239,-8.152,60.908
2024-01-08T06:00:00,77.468,35.445,37.671,30.898,9.084,-8.116,61.137
2024-01-08T07:00:00,77.839,35.753,37.893,31.125,8.929,-8.085,61.355
2024-01-08T08:00:00,78.183,36.041,38.118,31.341,8.773,-8.059,61.56
2024-01-08T09:00:00,78.5,36.311,38.345,31.548,8.618,-8.038,61.753
2024-01-08T10:00:00,78.788,36.56,38.574,31.744,8.462,-8.021,61.933
2024-01-08T11:00:00,79.048,36.789,38.806,31.929,8.306,-8.009,62.1
2024-01-08T12:00:00,79.278,36.997,39.039,32.103,8.149,-8.002,62.254
2024-01-08T13:00:00,79.478,37.183,39.274,32.265,7.993,-8.0,62.394
2024-01-08T14:00:00,79.649,37.348,39.51,32.416,7.837,-8.003,62.52
2024-01-08T15:00:00,79.788,37.492,39.749,32.555,7.681,-8.01,62.633
2024-01-08T16:00:00,79.897,37.613,39.988,32.683,7.525,-8.022,62.731
2024-01-08T17:00:00,79.975,37.711,40.229,32.798,7.369,-8.039,62.816
2024-01-08T18:00:00,80.022,37.788,40.47,32.9,7.213,-8.061,62.886
2024-01-08T19:00:00,80.037,37.841,40.713,32.991,7.057,-8.088,62.941
2024-01-08T20:00:00,80.02,37.872,40.956,33.069,6.902,-8.119,62.982
2024-01-08T21:00:00,79.972,37.88,41.2,33.134,6.747,-8.155,63.009
2024-01-08T22:00:00,79.892,37.865,41.445,33.187,6.593,-8.196,63.021
2024-01-08T23:00:00,79.78,37.828,41.69,33.227,6.439,-8.241,63.018
2024-01-09T00:00:00,79.638,37.767,41.935,33.255,6.285,-8.291,63.001
2024-01-09T01:00:00,79.463,37.684,42.18,33.27,6.132,-8.345,62.97
2024-01-09T02:00:00,79.258,37.579,42.425,33.273,5.979,-8.403,62.924
2024-01-09T03:00:00,79.022,37.451,42.67,33.263,5.827,-8.466,62.864
2024-01-09T04:00:00,78.756,37.302,42.914,33.241,5.676,-8.533,62.79
2024-01-09T05:00:00,78.46,37.13,43.158,33.206,5.525,-8.605,62.703
2024-01-09T06:00:00,78.134,36.938,43.401,33.16,5.376,-8.68,62.601
2024-01-09T07:00:00,77.778,36.724,43.643,33.101,5.226,-8.76,62.486
2024-01-09T08:00:00,77.395,36.489,43.884,33.031,5.078,-8.843,62.357
2024-01-09T09:00:00,76.983,36.234,44.125,32.949,4.931,-8.93,62.216
2024-01-09T10:00:00,76.544,35.959,44.363,32.856,4.784,-9.021,62.062
2024-01-09T11:00:00,76.078,35.665,44.601,32.751,4.639,-9.116,61.895
2024-01-09T12:00:00,75.586,35.352,44.837,32.636,4.495,-9.214,61.716
2024-01-09T13:00:00,75.069,35.02,45.071,32.51,4.351,-9.315,61.526
2024-01-09T14:00:00,74.528,34.671,45.303,32.374,4.209,-9.419,61.323
2024-01-09T15:00:00,73.963,34.305,45.533,32.227,4.068,-9.527,61.11
2024-01-09T16:00:00,73.376,33.922,45.762,32.071,3.928,-9.638,60.886
2024-01-09T17:00:00,72.767,33.523,45.988,31.906,3.789,-9.751,60.652
2024-01-09T18:00:00,72.137,33.11,46.211,31.731,3.652,-9.867,60.407
2024-01-09T19:00:00,71.488,32.682,46.432,31.548,3.516,-9.986,60.154
2024-01-09T20:00:00,70.82,32.24,46.65,31.357,3.381,-10.107,59.891
2024-01-09T21:00:00,70.134,31.786,46.866,31.157,3.247,-10.231,59.62
2024-01-09T22:00:00,69.432,31.32,47.079,30.951,3.115,-10.356,59.34
2024-01-09T23:00:00,68.714,30.842,47.288,30.737,2.985,-10.484,59.054
2024-01-10T00:00:00,67.983,30.355,47.495,30.516,2.856,-10.613,58.76
2024-01-10T01:00:00,67.238,29.857,47.698,30.29,2.729,-10.745,58.459
2024-01-10T02:00:00,66.482,29.351,47.897,30.058,2.603,-10.877,58.153
2024-01-10T03:00:00,65.715,28.838,48.094,29.82,2.478,-11.011,57.841
2024-01-10T04:00:00,64.938,28.318,48.286,29.578,2.356,-11.146,57.525
2024-01-10T05:00:00,64.154,27.791,48.475,29.331,2.235,-11.282,57.204
2024-01-10T06:00:00,63.363,27.26,48.66,29.081,2.116,-11.419,56.879
2024-01-10T07:00:00,62.566,26.725,48.84,28.827,1.999,-11.557,56.551
2024-01-10T08:00:00,61.766,26.187,49.017,28.57,1.883,-11.695,56.22
2024-01-10T09:00:00,60.962,25.647,49.19,28.311,1.769,-11.834,55.887
2024-01-10T10:00:00,60.157,25.105,49.358,28.051,1.658,-11.973,55.553
2024-01-10T11:00:00,59.351,24.564,49.522,27.788,1.548,-12.112,55.218
2024-01-10T12:00:00,58.547,24.023,49.681,27.525,1.44,-12.251,54.883
2024-01-10T13:00:00,57.745,23.484,49.835,27.262,1.334,-12.389,54.548
2024-01-10T14:00:00,56.947,22.948,49.985,26.999,1.23,-12.527,54.213
2024-01-10T15:00:00,56.153,22.415,50.131,26.737,1.128,-12.664,53.88
2024-01-10T16:00:00,55.366,21.887,50.271,26.475,1.028,-12.801,53.55
2024-01-10T17:00:00,54.587,21.364,50.406,26.216,0.93,-12.936,53.221
2024-01-10T18:00:00,53.816,20.848,50.536,25.958,0.835,-13.071,52.896
2024-01-10T19:00:00,53.055,20.339,50.661,25.703,0.741,-13.204,52.574
2024-01-10T20:00:00,52.306,19.838,50.781,25.452,0.65,-13.336,52.257
2024-01-10T21:00:00,51.569,19.346,50.896,25.203,0.561,-13.466,51.945
2024-01-10T22:00:00,50.846,18.865,51.005,24.959,0.474,-13.594,51.637
2024-01-10T23:00:00,50.138,18.394,51.109,24.719,0.389,-13.72,51.336
2024-01-11T00:00:00,49.445,17.935,51.207,24.485,0.307,-13.845,51.041
2024-01-11T01:00:00,48.77,17.488,51.3,24.255,0.227,-13.967,50.752
2024-01-11T02:00:00,48.113,17.055,51.387,24.032,0.15,-14.087,50.471
2024-01-11T03:00:00,47.476,16.636,51.469,23.814,0.074,-14.204,50.198
2024-01-11T04:00:00,46.859,16.231,51.545,23.603,0.002,-14.318,49.933
2024-01-11T05:00:00,46.263,15.842,51.615,23.4,-0.069,-14.43,49.676
2024-01-11T06:00:00,45.689,15.47,51.68,23.203,-0.137,-14.539,49.429
2024-01-11T07:00:00,45.138,15.114,51.738,23.014,-0.202,-14.645,49.191
2024-01-11T08:00:00,44.612,14.775,51.791,22.833,-0.265,-14.747,48.963
2024-01-11T09:00:00,44.11,14.455,51.838,22.661,-0.326,-14.847,48.745
2024-01-11T10:00:00,43.634,14.153,51.879,22.497,-0.384,-14.942,48.538
2024-01-11T11:00:00,43.185,13.871,51.914,22.342,-0.44,-15.035,48.341
2024-01-11T12:00:00,42.762,13.608,51.943,22.197,-0.493,-15.123,48.156
2024-01-11T13:00:00,42.368,13.365,51.966,22.06,-0.543,-15.208,47.983
2024-01-11T14:00:00,42.001,13.143,51.983,21.934,-0.591,-15.289,47.821
2024-01-11T15:00:00,41.664,12.942,51.994,21.817,-0.636,-15.366,47.671
2024-01-11T16:00:00,41.356,12.762,52.0,21.711,-0.679,-15.439,47.534
2024-01-11T17:00:00,41.078,12.604,51.999,21.615,-0.719,-15.508,47.409
2024-01-11T18:00:00,40.83,12.468,51.992,21.529,-0.756,-15.573,47.296
2024-01-11T19:00:00,40.613,12.354,51.979,21.454,-0.791,-15.633,47.197
2024-01-11T20:00:00,40.427,12.262,51.96,21.39,-0.823,-15.689,47.11
2024-01-11T21:00:00,40.271,12.193,51.935,21.336,-0.853,-15.74,47.036
2024-01-11T22:00:00,40.148,12.147,51.904,21.293,-0.88,-15.787,46.976
2024-01-11T23:00:00,40.056,12.123,51.868,21.261,-0.904,-15.83,46.928
2024-01-12T00:00:00,39.995,12.122,51.825,21.24,-0.925,-15.867,46.894
2024-01-12T01:00:00,39.966,12.144,51.776,21.231,-0.944,-15.901,46.873
2024-01-12T02:00:00,39.969,12.189,51.722,21.232,-0.96,-15.929,46.865
2024-01-12T03:00:00,40.003,12.256,51.661,21.243,-0.973,-15.953,46.871
2024-01-12T04:00:00,40.069,12.346,51.595,21.266,-0.984,-15.972,46.89
2024-01-12T05:00:00,40.165,12.459,51.523,21.3,-0.992,-15.986,46.921
2024-01-12T06:00:00,40.293,12.593,51.446,21.344,-0.997,-15.995,46.966
2024-01-12T07:00:00,40.452,12.75,51.363,21.399,-1.0,-16.0,47.023
2024-01-12T08:00:00,40.64,12.928,51.274,21.464,-1.0,-15.999,47.093
2024-01-12T09:00:00,40.859,13.128,51.179,21.539,-0.997,-15.994,47.176
2024-01-12T10:00:00,41.107,13.348,51.079,21.625,-0.991,-15.984,47.27
2024-01-12T11:00:00,41.385,13.59,50.974,21.72,-0.983,-15.969,47.377
2024-01-12T12:00:00,41.69,13.851,50.863,21.825,-0.972,-15.95,47.496
2024-01-12T13:00:00,42.024,14.133,50.747,21.94,-0.958,-15.926,47.626
2024-01-12T14:00:00,42.385,14.433,50.625,22.064,-0.942,-15.896,47.768
2024-01-12T15:00:00,42.772,14.753,50.499,22.196,-0.922,-15.863,47.92
2024-01-12T16:00:00,43.185,15.09,50.367,22.338,-0.901,-15.824,48.083
2024-01-12T17:00:00,43.623,15.445,50.23,22.487,-0.876,-15.781,48.256
2024-01-12T18:00:00,44.085,15.817,50.089,22.645,-0.849,-15.734,48.439
2024-01-12T19:00:00,44.57,16.206,49.942,22.81,-0.819,-15.682,48.632
2024-01-12T20:00:00,45.078,16.609,49.791,22.982,-0.787,-15.625,48.834
2024-01-12T21:00:00,45.608,17.028,49.635,23.162,-0.752,-15.564,49.044
2024-01-12T22:00:00,46.157,17.461,49.474,23.348,-0.714,-15.499,49.263
2024-01-12T23:00:00,46.727,17.907,49.309,23.54,-0.673,-15.43,49.49
2024-01-13T00:00:00,47.314,18.366,49.14,23.737,-0.63,-15.356,49.724
2024-01-13T01:00:00,47.92,18.837,48.966,23.94,-0.585,-15.279,49.965
2024-01-13T02:00:00,48.541,19.319,48.788,24.148,-0.536,-15.197,50.212
2024-01-13T03:00:00,49.177,19.81,48.606,24.361,-0.486,-15.112,50.465
2024-01-13T04:00:00,49.828,20.311,48.42,24.577,-0.432,-15.023,50.723
2024-01-13T05:00:00,50.491,20.82,48.23,24.797,-0.376,-14.93,50.987
2024-01-13T06:00:00,51.166,21.337,48.037,25.02,-0.318,-14.834,51.254
2024-01-13T07:00:00,51.851,21.86,47.84,25.245,-0.257,-14.734,51.526
2024-01-13T08:00:00,52.545,22.388,47.639,25.473,-0.194,-14.631,51.8
2024-01-13T09:00:00,53.247,22.921,47.435,25.702,-0.128,-14.525,52.078
2024-01-13T10:00:00,53.955,23.458,47.227,25.932,-0.06,-14.415,52.357
2024-01-13T11:00:00,54.669,23.998,47.017,26.163,0.011,-14.303,52.638
2024-01-13T12:00:00,55.387,24.539,46.803,26.394,0.084,-14.188,52.92
2024-01-13T13:00:00,56.108,25.081,46.587,26.625,0.16,-14.071,53.202
2024-01-13T14:00:00,56.83,25.622,46.368,26.854,0.238,-13.951,53.484
2024-01-13T15:00:00,57.552,26.163,46.146,27.083,0.318,-13.828,53.765
2024-01-13T16:00:00,58.273,26.701,45.922,27.309,0.401,-13.704,54.045
2024-01-13T17:00:00,58.992,27.236,45.695,27.533,0.485,-13.577,54.323
2024-01-13T18:00:00,59.707,27.767,45.466,27.754,0.573,-13.449,54.599
2024-01-13T19:00:00,60.417,28.294,45.235,27.972,0.662,-13.318,54.871
2024-01-13T20:00:00,61.12,28.814,45.003,28.186,0.753,-13.186,55.14
2024-01-13T21:00:00,61.816,29.327,44.768,28.395,0.847,-13.053,55.405
2024-01-13T22:00:00,62.504,29.832,44.532,28.6,0.943,-12.918,55.665
2024-01-13T23:00:00,63.181,30.328,44.294,28.799,1.041,-12.783,55.92
2024-01-14T00:00:00,63.847,30.815,44.054,28.993,1.141,-12.646,56.169
2024-01-14T01:00:00,64.501,31.291,43.814,29.18,1.243,-12.509,56.412
2024-01-14T02:00:00,65.141,31.756,43.572,29.361,1.348,-12.371,56.648
2024-01-14T03:00:00,65.766,32.208,43.33,29.535,1.454,-12.232,56.877
2024-01-14T04:00:00,66.375,32.647,43.087,29.701,1.562,-12.093,57.098
2024-01-14T05:00:00,66.968,33.073,42.843,29.859,1.672,-11.955,57.311
2024-01-14T06:00:00,67.543,33.483,42.598,30.01,1.784,-11.816,57.515
2024-01-14T07:00:00,68.098,33.879,42.353,30.151,1.898,-11.677,57.709
2024-01-14T08:00:00,68.634,34.257,42.108,30.283,2.014,-11.539,57.894
2024-01-14T09:00:00,69.149,34.62,41.863,30.406,2.132,-11.401,58.07
2024-01-14T10:00:00,69.641,34.964,41.618,30.52,2.251,-11.264,58.234
2024-01-14T11:00:00,70.111,35.29,41.374,30.623,2.372,-11.128,58.388
2024-01-14T12:00:00,70.558,35.598,41.129,30.716,2.495,-10.993,58.531
2024-01-14T13:00:00,70.98,35.885,40.885,30.798,2.619,-10.859,58.662
2024-01-14T14:00:00,71.377,36.153,40.642,30.869,2.745,-10.727,58.782
2024-01-14T15:00:00,71.748,36.401,40.4,30.93,2.873,-10.596,58.889
2024-01-14T16:00:00,72.093,36.627,40.158,30.979,3.002,-10.467,58.984
2024-01-14T17:00:00,72.411,36.832,39.918,31.016,3.133,-10.34,59.066
2024-01-14T18:00:00,72.701,37.016,39.679,31.042,3.265,-10.214,59.135
2024-01-14T19:00:00,72.963,37.176,39.441,31.055,3.399,-10.091,59.191
2024-01-14T20:00:00,73.196,37.315,39.205,31.057,3.534,-9.97,59.234
2024-01-14T21:00:00,73.4,37.431,38.971,31.046,3.67,-9.852,59.264
2024-01-14T22:00:00,73.575,37.523,38.738,31.023,3.808,-9.736,59.279
2024-01-14T23:00:00,73.72,37.592,38.507,30.988,3.946,-9.623,59.281
2024-01-15T00:00:00,73.835,37.638,38.279,30.941,4.087,-9.513,59.269
2024-01-15T01:00:00,73.92,37.66,38.052,30.88,4.228,-9.405,59.243
2024-01-15T02:00:00,73.975,37.659,37.828,30.808,4.37,-9.301,59.204
2024-01-15T03:00:00,73.999,37.633,37.607,30.723,4.514,-9.2,59.15
2024-01-15T04:00:00,73.992,37.584,37.388,30.625,4.658,-9.103,59.082
2024-01-15T05:00:00,73.956,37.511,37.172,30.515,4.804,-9.009,59.0
2024-01-15T06:00:00,73.888,37.415,36.959,30.393,4.95,-8.919,58.904
2024-01-15T07:00:00,73.791,37.294,36.749,30.258,5.098,-8.832,58.795
2024-01-15T08:00:00,73.663,37.151,36.542,30.111,5.246,-8.749,58.671
2024-01-15T09:00:00,73.506,36.984,36.338,29.953,5.395,-8.67,58.534
2024-01-15T10:00:00,73.319,36.794,36.138,29.782,5.545,-8.595,58.383
2024-01-15T11:00:00,73.103,36.582,35.941,29.6,5.696,-8.524,58.219
2024-01-15T12:00:00,72.857,36.347,35.748,29.406,5.847,-8.458,58.042
2024-01-15T13:00:00,72.584,36.09,35.558,29.201,5.999,-8.395,57.852
2024-01-15T14:00:00,72.282,35.811,35.373,28.985,6.152,-8.337,57.649
2024-01-15T15:00:00,71.953,35.511,35.191,28.759,6.305,-8.284,57.434
2024-01-15T16:00:00,71.597,35.19,35.014,28.522,6.459,-8.235,57.206
2024-01-15T17:00:00,71.215,34.849,34.841,28.274,6.613,-8.19,56.967
2024-01-15T18:00:00,70.808,34.488,34.672,28.017,6.768,-8.15,56.716
2024-01-15T19:00:00,70.375,34.108,34.507,27.751,6.923,-8.115,56.454
2024-01-15T20:00:00,69.919,33.71,34.347,27.475,7.078,-8.084,56.181
2024-01-15T21:00:00,69.439,33.293,34.192,27.191,7.234,-8.058,55.897
2024-01-15T22:00:00,68.937,32.859,34.041,26.898,7.389,-8.037,55.604
2024-01-15T23:00:00,68.414,32.408,33.895,26.597,7.545,-8.02,55.301
2024-01-16T00:00:00,67.869,31.942,33.754,26.289,7.701,-8.009,54.988
2024-01-16T01:00:00,67.306,31.46,33.618,25.973,7.858,-8.002,54.667
2024-01-16T02:00:00,66.724,30.965,33.486,25.651,8.014,-8.0,54.338
2024-01-16T03:00:00,66.124,30.455,33.36,25.323,8.17,-8.003,54.001
2024-01-16T04:00:00,65.508,29.933,33.24,24.989,8.326,-8.011,53.656
2024-01-16T05:00:00,64.876,29.399,33.124,24.65,8.482,-8.023,53.305
2024-01-16T06:00:00,64.23,28.854,33.014,24.306,8.638,-8.04,52.948
2024-01-16T07:00:00,63.571,28.298,32.909,23.958,8.794,-8.062,52.584
2024-01-16T08:00:00,62.9,27.734,32.81,23.606,8.95,-8.089,52.216
2024-01-16T09:00:00,62.219,27.161,32.716,23.251,9.105,-8.121,51.843
2024-01-16T10:00:00,61.528,26.581,32.628,22.893,9.26,-8.157,51.466
2024-01-16T11:00:00,60.828,25.995,32.545,22.533,9.414,-8.198,51.085
2024-01-16T12:00:00,60.122,25.403,32.468,22.172,9.568,-8.243,50.702
2024-01-16T13:00:00,59.41,24.807,32.397,21.809,9.722,-8.293,50.316
2024-01-16T14:00:00,58.693,24.207,32.331,21.446,9.875,-8.347,49.929
2024-01-16T15:00:00,57.974,23.605,32.272,21.084,10.028,-8.406,49.54
2024-01-16T16:00:00,57.252,23.001,32.218,20.721,10.179,-8.469,49.151
2024-01-16T17:00:00,56.529,22.397,32.17,20.36,10.331,-8.537,48.762
2024-01-16T18:00:00,55.808,21.793,32.128,20.001,10.481,-8.608,48.373
2024-01-16T19:00:00,55.088,21.191,32.092,19.644,10.631,-8.684,47.986
2024-01-16T20:00:00,54.372,20.591,32.062,19.29,10.78,-8.763,47.601
2024-01-16T21:00:00,53.66,19.995,32.037,18.94,10.928,-8.847,47.218
2024-01-16T22:00:00,52.954,19.403,32.019,18.593,11.076,-8.934,46.838
2024-01-16T23:00:00,52.255,18.817,32.007,18.251,11.222,-9.025,46.462
2024-01-17T00:00:00,51.564,18.237,32.001,17.914,11.367,-9.12,46.09
2024-01-17T01:00:00,50.884,17.664,32.001,17.582,11.512,-9.218,45.723
2024-01-17T02:00:00,50.213,17.1,32.006,17.257,11.655,-9.319,45.361
2024-01-17T03:00:00,49.555,16.546,32.018,16.938,11.797,-9.424,45.006
2024-01-17T04:00:00,48.911,16.001,32.036,16.626,11.938,-9.532,44.656
2024-01-17T05:00:00,48.281,15.468,32.06,16.322,12.078,-9.643,44.314
2024-01-17T06:00:00,47.666,14.946,32.09,16.026,12.217,-9.756,43.979
2024-01-17T07:00:00,47.068,14.438,32.125,15.739,12.354,-9.873,43.653
2024-01-17T08:00:00,46.488,13.943,32.167,15.461,12.49,-9.991,43.335
2024-01-17T09:00:00,45.926,13.463,32.215,15.192,12.625,-10.113,43.026
2024-01-17T10:00:00,45.385,12.998,32.268,14.933,12.758,-10.236,42.727
2024-01-17T11:00:00,44.864,12.549,32.327,14.685,12.89,-10.362,42.437
2024-01-17T12:00:00,44.366,12.117,32.393,14.447,13.021,-10.49,42.159
2024-01-17T13:00:00,43.89,11.703,32.463,14.22,13.15,-10.619,41.891
2024-01-17T14:00:00,43.438,11.307,32.54,14.005,13.277,-10.75,41.634
2024-01-17T15:00:00,43.01,10.93,32.622,13.802,13.403,-10.883,41.39
2024-01-17T16:00:00,42.608,10.572,32.71,13.611,13.527,-11.017,41.157
2024-01-17T17:00:00,42.231,10.235,32.804,13.433,13.649,-11.152,40.937
2024-01-17T18:00:00,41.882,9.918,32.903,13.267,13.77,-11.288,40.729
2024-01-17T19:00:00,41.56,9.623,33.007,13.114,13.889,-11.426,40.535
2024-01-17T20:00:00,41.266,9.349,33.117,12.975,14.007,-11.563,40.354
2024-01-17T21:00:00,41.001,9.098,33.232,12.849,14.122,-11.702,40.187
2024-01-17T22:00:00,40.765,8.869,33.353,12.737,14.236,-11.84,40.033
2024-01-17T23:00:00,40.558,8.663,33.478,12.639,14.347,-11.979,39.894
2024-01-18T00:00:00,40.382,8.481,33.609,12.556,14.457,-12.118,39.769
2024-01-18T01:00:00,40.236,8.322,33.745,12.486,14.565,-12.257,39.659
2024-01-18T02:00:00,40.121,8.187,33.886,12.431,14.671,-12.395,39.564
2024-01-18T03:00:00,40.038,8.076,34.032,12.39,14.775,-12.533,39.483
2024-01-18T04:00:00,39.985,7.99,34.182,12.365,14.877,-12.67,39.417
2024-01-18T05:00:00,39.964,7.928,34.337,12.353,14.976,-12.807,39.367
2024-01-18T06:00:00,39.974,7.89,34.497,12.357,15.074,-12.942,39.331
2024-01-18T07:00:00,40.016,7.877,34.661,12.375,15.17,-13.077,39.31
2024-01-18T08:00:00,40.09,7.889,34.83,12.408,15.263,-13.21,39.305
2024-01-18T09:00:00,40.195,7.926,35.003,12.455,15.354,-13.341,39.315
2024-01-18T10:00:00,40.332,7.987,35.18,12.517,15.443,-13.471,39.34
2024-01-18T11:00:00,40.5,8.072,35.361,12.594,15.53,-13.6,39.38
2024-01-18T12:00:00,40.699,8.182,35.547,12.685,15.614,-13.726,39.434
2024-01-18T13:00:00,40.929,8.316,35.736,12.791,15.696,-13.85,39.504
2024-01-18T14:00:00,41.19,8.474,35.929,12.91,15.776,-13.972,39.588
2024-01-18T15:00:00,41.48,8.655,36.125,13.044,15.854,-14.092,39.687
2024-01-18T16:00:00,41.801,8.86,36.325,13.191,15.929,-14.209,39.8
2024-01-18T17:00:00,42.15,9.088,36.529,13.352,16.002,-14.323,39.928
2024-01-18T18:00:00,42.528,9.338,36.736,13.526,16.072,-14.435,40.069
2024-01-18T19:00:00,42.935,9.611,36.946,13.713,16.14,-14.544,40.224
2024-01-18T20:00:00,43.369,9.905,37.159,13.913,16.205,-14.649,40.392
2024-01-18T21:00:00,43.829,10.221,37.375,14.125,16.268,-14.752,40.574
2024-01-18T22:00:00,44.316,10.557,37.593,14.35,16.329,-14.851,40.768
2024-01-18T23:00:00,44.828,10.914,37.814,14.586,16.387,-14.947,40.974
2024-01-19T00:00:00,45.365,11.29,38.038,14.834,16.442,-15.039,41.193
2024-01-19T01:00:00,45.925,11.685,38.265,15.093,16.495,-15.127,41.423
2024-01-19T02:00:00,46.508,12.098,38.493,15.363,16.545,-15.212,41.665
2024-01-19T03:00:00,47.113,12.529,38.724,15.642,16.593,-15.293,41.918
2024-01-19T04:00:00,47.739,12.977,38.956,15.932,16.638,-15.37,42.181
2024-01-19T05:00:00,48.384,13.441,39.19,16.231,16.681,-15.442,42.454
2024-01-19T06:00:00,49.049,13.92,39.426,16.539,16.721,-15.511,42.737
2024-01-19T07:00:00,49.731,14.414,39.664,16.856,16.758,-15.575,43.028
2024-01-19T08:00:00,50.43,14.922,39.903,17.18,16.793,-15.636,43.329
2024-01-19T09:00:00,51.145,15.443,40.143,17.512,16.825,-15.691,43.637
2024-01-19T10:00:00,51.874,15.975,40.385,17.851,16.854,-15.743,43.953
2024-01-19T11:00:00,52.616,16.519,40.627,18.197,16.881,-15.789,44.276
2024-01-19T12:00:00,53.37,17.073,40.87,18.548,16.905,-15.831,44.606
2024-01-19T13:00:00,54.135,17.637,41.114,18.905,16.926,-15.869,44.941
2024-01-19T14:00:00,54.91,18.209,41.358,19.267,16.945,-15.902,45.282
2024-01-19T15:00:00,55.693,18.788,41.603,19.633,16.961,-15.93,45.628
2024-01-19T16:00:00,56.483,19.374,41.848,20.002,16.974,-15.954,45.978
2024-01-19T17:00:00,57.278,19.966,42.093,20.375,16.984,-15.972,46.332
2024-01-19T18:00:00,58.078,20.562,42.338,20.751,16.992,-15.986,46.688
2024-01-19T19:00:00,58.881,21.162,42.583,21.128,16.997,-15.995,47.048
2024-01-19T20:00:00,59.686,21.765,42.828,21.507,17.0,-16.0,47.409
2024-01-19T21:00:00,60.492,22.369,43.072,21.887,16.999,-15.999,47.772
2024-01-19T22:00:00,61.297,22.974,43.315,22.267,16.996,-15.994,48.135
2024-01-19T23:00:00,62.099,23.579,43.557,22.647,16.991,-15.984,48.498
2024-01-20T00:00:00,62.898,24.182,43.799,23.026,16.982,-15.969,48.861
2024-01-20T01:00:00,63.693,24.783,44.04,23.404,16.971,-15.949,49.224
2024-01-20T02:00:00,64.481,25.381,44.279,23.78,16.957,-15.924,49.584
2024-01-20T03:00:00,65.262,25.975,44.517,24.153,16.941,-15.895,49.942
2024-01-20T04:00:00,66.035,26.564,44.753,24.523,16.922,-15.861,50.298
2024-01-20T05:00:00,66.798,27.146,44.988,24.889,16.9,-15.823,50.65
2024-01-20T06:00:00,67.549,27.722,45.221,25.251,16.875,-15.779,50.998
2024-01-20T07:00:00,68.289,28.289,45.452,25.608,16.848,-15.732,51.342
2024-01-20T08:00:00,69.015,28.848,45.681,25.96,16.818,-15.679,51.681
2024-01-20T09:00:00,69.726,29.397,45.908,26.307,16.785,-15.623,52.015
2024-01-20T10:00:00,70.421,29.936,46.132,26.647,16.75,-15.562,52.342
2024-01-20T11:00:00,71.1,30.463,46.354,26.98,16.712,-15.496,52.663
2024-01-20T12:00:00,71.76,30.977,46.574,27.305,16.671,-15.427,52.977
2024-01-20T13:00:00,72.402,31.479,46.79,27.623,16.628,-15.353,53.283
2024-01-20T14:00:00,73.023,31.967,47.004,27.933,16.583,-15.275,53.582
2024-01-20T15:00:00,73.623,32.44,47.214,28.234,16.534,-15.194,53.871
2024-01-20T16:00:00,74.201,32.898,47.422,28.526,16.483,-15.108,54.153
2024-01-20T17:00:00,74.756,33.34,47.626,28.809,16.43,-15.019,54.424
2024-01-20T18:00:00,75.287,33.765,47.827,29.081,16.374,-14.926,54.686
2024-01-20T19:00:00,75.794,34.172,48.025,29.343,16.315,-14.829,54.938
2024-01-20T20:00:00,76.275,34.562,48.218,29.594,16.254,-14.729,55.18
2024-01-20T21:00:00,76.73,34.933,48.408,29.835,16.191,-14.626,55.411
2024-01-20T22:00:00,77.158,35.285,48.595,30.064,16.125,-14.52,55.63
2024-01-20T23:00:00,77.558,35.618,48.777,30.281,16.057,-14.411,55.838
2024-01-21T00:00:00,77.93,35.93,48.955,30.487,15.986,-14.298,56.035
2024-01-21T01:00:00,78.273,36.222,49.129,30.68,15.912,-14.183,56.22
2024-01-21T02:00:00,78.586,36.493,49.299,30.861,15.837,-14.066,56.392
2024-01-21T03:00:00,78.87,36.742,49.464,31.029,15.759,-13.945,56.552
2024-01-21T04:00:00,79.124,36.97,49.625,31.184,15.678,-13.823,56.699
2024-01-21T05:00:00,79.347,37.177,49.781,31.326,15.596,-13.698,56.834
2024-01-21T06:00:00,79.54,37.361,49.933,31.455,15.511,-13.572,56.955
2024-01-21T07:00:00,79.701,37.522,50.08,31.57,15.424,-13.443,57.064
2024-01-21T08:00:00,79.831,37.661,50.222,31.672,15.334,-13.312,57.159
2024-01-21T09:00:00,79.929,37.778,50.359,31.76,15.242,-13.181,57.241
2024-01-21T10:00:00,79.996,37.871,50.491,31.835,15.149,-13.047,57.31
2024-01-21T11:00:00,80.031,37.942,50.618,31.896,15.053,-12.912,57.365
2024-01-21T12:00:00,80.034,37.99,50.739,31.943,14.954,-12.777,57.407
2024-01-21T13:00:00,80.006,38.016,50.856,31.977,14.854,-12.64,57.436
2024-01-21T14:00:00,79.947,38.018,50.967,31.996,14.752,-12.503,57.452
2024-01-21T15:00:00,79.856,37.998,51.073,32.003,14.648,-12.365,57.454
2024-01-21T16:00:00,79.734,37.956,51.173,31.995,14.541,-12.226,57.443
2024-01-21T17:00:00,79.582,37.891,51.268,31.974,14.433,-12.087,57.419
2024-01-21T18:00:00,79.399,37.804,51.357,31.94,14.323,-11.948,57.383
2024-01-21T19:00:00,79.186,37.696,51.441,31.892,14.211,-11.81,57.333
2024-01-21T20:00:00,78.943,37.566,51.519,31.832,14.097,-11.671,57.271
2024-01-21T21:00:00,78.672,37.415,51.591,31.758,13.981,-11.533,57.197
2024-01-21T22:00:00,78.371,37.243,51.658,31.672,13.863,-11.395,57.111
2024-01-21T23:00:00,78.043,37.051,51.718,31.573,13.744,-11.258,57.013
2024-01-22T00:00:00,77.688,36.839,51.773,31.462,13.623,-11.122,56.903
2024-01-22T01:00:00,77.306,36.608,51.822,31.339,13.5,-10.987,56.782
2024-01-22T02:00:00,76.898,36.358,51.865,31.204,13.375,-10.854,56.65
2024-01-22T03:00:00,76.464,36.089,51.902,31.058,13.249,-10.721,56.508
2024-01-22T04:00:00,76.007,35.803,51.933,30.9,13.121,-10.59,56.355
2024-01-22T05:00:00,75.526,35.5,51.959,30.732,12.992,-10.461,56.193
2024-01-22T06:00:00,75.022,35.18,51.978,30.554,12.861,-10.334,56.021
2024-01-22T07:00:00,74.497,34.845,51.991,30.365,12.729,-10.209,55.839
2024-01-22T08:00:00,73.951,34.494,51.998,30.167,12.595,-10.086,55.65
2024-01-22T09:00:00,73.386,34.129,52.0,29.959,12.46,-9.965,55.452
2024-01-22T10:00:00,72.801,33.751,51.995,29.743,12.324,-9.847,55.246
2024-01-22T11:00:00,72.2,33.36,51.984,29.518,12.186,-9.731,55.032
2024-01-22T12:00:00,71.581,32.957,51.967,29.286,12.047,-9.618,54.812
2024-01-22T13:00:00,70.948,32.542,51.945,29.045,11.907,-9.508,54.586
2024-01-22T14:00:00,70.3,32.117,51.916,28.798,11.766,-9.401,54.354
2024-01-22T15:00:00,69.639,31.683,51.881,28.544,11.623,-9.297,54.116
2024-01-22T16:00:00,68.967,31.24,51.841,28.284,11.48,-9.196,53.874
2024-01-22T17:00:00,68.284,30.79,51.794,28.019,11.335,-9.099,53.627
2024-01-22T18:00:00,67.591,30.332,51.742,27.748,11.19,-9.005,53.377
2024-01-22T19:00:00,66.89,29.869,51.684,27.473,11.043,-8.915,53.123
2024-01-22T20:00:00,66.183,29.401,51.619,27.194,10.896,-8.828,52.867
2024-01-22T21:00:00,65.47,28.928,51.55,26.911,10.747,-8.745,52.609
2024-01-22T22:00:00,64.753,28.453,51.474,26.625,10.598,-8.667,52.349
2024-01-22T23:00:00,64.033,27.975,51.393,26.337,10.448,-8.592,52.089
2024-01-23T00:00:00,63.311,27.496,51.306,26.046,10.297,-8.521,51.827
2024-01-23T01:00:00,62.588,27.017,51.213,25.754,10.146,-8.455,51.567
2024-01-23T02:00:00,61.867,26.538,51.115,25.462,9.994,-8.393,51.306
2024-01-23T03:00:00,61.148,26.061,51.012,25.169,9.841,-8.335,51.047
2024-01-23T04:00:00,60.432,25.587,50.903,24.876,9.688,-8.281,50.791
2024-01-23T05:00:00,59.721,25.116,50.788,24.584,9.534,-8.232,50.536
2024-01-23T06:00:00,59.016,24.649,50.669,24.293,9.38,-8.188,50.284
2024-01-23T07:00:00,58.318,24.188,50.544,24.004,9.225,-8.148,50.036
2024-01-23T08:00:00,57.629,23.733,50.414,23.717,9.07,-8.113,49.792
2024-01-23T09:00:00,56.95,23.285,50.279,23.433,8.915,-8.083,49.553
2024-01-23T10:00:00,56.282,22.845,50.139,23.152,8.76,-8.057,49.319
2024-01-23T11:00:00,55.626,22.414,49.995,22.875,8.604,-8.036,49.09
2024-01-23T12:00:00,54.983,21.992,49.845,22.602,8.448,-8.02,48.868
2024-01-23T13:00:00,54.355,21.581,49.691,22.334,8.292,-8.008,48.652
2024-01-23T14:00:00,53.742,21.182,49.532,22.071,8.135,-8.002,48.444
2024-01-23T15:00:00,53.146,20.794,49.368,21.814,7.979,-8.0,48.243
2024-01-23T16:00:00,52.568,20.42,49.2,21.563,7.823,-8.003,48.05
2024-01-23T17:00:00,52.008,20.059,49.028,21.319,7.667,-8.011,47.866
2024-01-23T18:00:00,51.469,19.713,48.852,21.081,7.511,-8.024,47.691
2024-01-23T19:00:00,50.95,19.381,48.671,20.851,7.355,-8.041,47.525
2024-01-23T20:00:00,50.453,19.066,48.486,20.629,7.199,-8.063,47.369
2024-01-23T21:00:00,49.978,18.767,48.298,20.415,7.044,-8.09,47.223
2024-01-23T22:00:00,49.527,18.485,48.106,20.21,6.888,-8.122,47.087
2024-01-23T23:00:00,49.1,18.22,47.91,20.013,6.733,-8.158,46.962
2024-01-24T00:00:00,48.698,17.973,47.71,19.826,6.579,-8.199,46.849
2024-01-24T01:00:00,48.322,17.746,47.507,19.648,6.425,-8.245,46.747
2024-01-24T02:00:00,47.972,17.537,47.301,19.48,6.271,-8.295,46.657
2024-01-24T03:00:00,47.649,17.348,47.092,19.322,6.118,-8.35,46.579
2024-01-24T04:00:00,47.353,17.178,46.879,19.174,5.966,-8.409,46.513
2024-01-24T05:00:00,47.086,17.03,46.664,19.037,5.814,-8.472,46.46
2024-01-24T06:00:00,46.847,16.901,46.446,18.911,5.663,-8.54,46.419
2024-01-24T07:00:00,46.637,16.794,46.225,18.796,5.512,-8.611,46.391
2024-01-24T08:00:00,46.457,16.708,46.001,18.692,5.362,-8.687,46.376
2024-01-24T09:00:00,46.306,16.643,45.776,18.599,5.213,-8.767,46.375
2024-01-24T10:00:00,46.185,16.6,45.548,18.518,5.065,-8.851,46.386
2024-01-24T11:00:00,46.094,16.579,45.317,18.448,4.918,-8.938,46.411
2024-01-24T12:00:00,46.034,16.58,45.085,18.39,4.772,-9.029,46.45
2024-01-24T13:00:00,46.004,16.602,44.851,18.344,4.626,-9.124,46.501
2024-01-24T14:00:00,46.004,16.647,44.615,18.31,4.482,-9.222,46.567
2024-01-24T15:00:00,46.035,16.713,44.378,18.287,4.339,-9.324,46.645
2024-01-24T16:00:00,46.096,16.802,44.139,18.276,4.196,-9.429,46.737
2024-01-24T17:00:00,46.188,16.912,43.899,18.277,4.055,-9.537,46.842
2024-01-24T18:00:00,46.309,17.043,43.658,18.29,3.916,-9.648,46.961
2024-01-24T19:00:00,46.461,17.196,43.416,18.314,3.777,-9.761,47.092
2024-01-24T20:00:00,46.642,17.371,43.173,18.35,3.64,-9.878,47.236
2024-01-24T21:00:00,46.853,17.566,42.929,18.397,3.504,-9.997,47.394
2024-01-24T22:00:00,47.093,17.782,42.685,18.456,3.369,-10.118,47.564
2024-01-24T23:00:00,47.361,18.018,42.44,18.526,3.236,-10.242,47.746
2024-01-25T00:00:00,47.657,18.274,42.195,18.607,3.104,-10.368,47.94
2024-01-25T01:00:00,47.981,18.55,41.95,18.699,2.973,-10.495,48.147
2024-01-25T02:00:00,48.331,18.845,41.705,18.802,2.845,-10.625,48.365
2024-01-25T03:00:00,48.708,19.158,41.46,18.915,2.717,-10.756,48.594
2024-01-25T04:00:00,49.111,19.49,41.216,19.038,2.592,-10.889,48.834
2024-01-25T05:00:00,49.539,19.839,40.972,19.171,2.468,-11.023,49.085
2024-01-25T06:00:00,49.991,20.205,40.728,19.314,2.345,-11.158,49.347
2024-01-25T07:00:00,50.466,20.588,40.485,19.466,2.224,-11.295,49.618
2024-01-25T08:00:00,50.964,20.986,40.244,19.627,2.105,-11.432,49.899
2024-01-25T09:00:00,51.483,21.399,40.003,19.797,1.988,-11.569,50.189
2024-01-25T10:00:00,52.023,21.827,39.763,19.975,1.873,-11.708,50.488
2024-01-25T11:00:00,52.583,22.268,39.525,20.161,1.759,-11.846,50.795
2024-01-25T12:00:00,53.162,22.722,39.288,20.354,1.648,-11.985,51.11
2024-01-25T13:00:00,53.758,23.188,39.053,20.555,1.538,-12.124,51.432
2024-01-25T14:00:00,54.371,23.666,38.82,20.763,1.43,-12.263,51.761
2024-01-25T15:00:00,55.0,24.154,38.589,20.977,1.324,-12.401,52.096
2024-01-25T16:00:00,55.643,24.651,38.359,21.197,1.221,-12.539,52.438
2024-01-25T17:00:00,56.299,25.157,38.132,21.422,1.119,-12.676,52.784
2024-01-25T18:00:00,56.968,25.671,37.907,21.652,1.019,-12.813,53.136
2024-01-25T19:00:00,57.648,26.192,37.685,21.887,0.922,-12.948,53.491
2024-01-25T20:00:00,58.337,26.719,37.465,22.126,0.826,-13.083,53.85
2024-01-25T21:00:00,59.035,27.251,37.248,22.369,0.733,-13.216,54.213
2024-01-25T22:00:00,59.74,27.787,37.034,22.615,0.642,-13.347,54.577
2024-01-25T23:00:00,60.451,28.327,36.823,22.863,0.553,-13.477,54.944
2024-01-26T00:00:00,61.167,28.869,36.614,23.113,0.466,-13.605,55.312
2024-01-26T01:00:00,61.886,29.411,36.41,23.366,0.382,-13.732,55.681
2024-01-26T02:00:00,62.608,29.955,36.208,23.619,0.3,-13.856,56.05
2024-01-26T03:00:00,63.33,30.497,36.01,23.873,0.22,-13.978,56.418
2024-01-26T04:00:00,64.052,31.038,35.816,24.127,0.143,-14.097,56.786
2024-01-26T05:00:00,64.772,31.577,35.625,24.381,0.068,-14.214,57.152
2024-01-26T06:00:00,65.489,32.112,35.438,24.634,-0.005,-14.328,57.516
2024-01-26T07:00:00,66.202,32.642,35.255,24.885,-0.075,-14.44,57.877
2024-01-26T08:00:00,66.909,33.167,35.076,25.135,-0.143,-14.548,58.234
2024-01-26T09:00:00,67.61,33.685,34.901,25.382,-0.208,-14.654,58.588
2024-01-26T10:00:00,68.302,34.196,34.731,25.627,-0.271,-14.756,58.937
2024-01-26T11:00:00,68.985,34.699,34.565,25.868,-0.331,-14.855,59.281
2024-01-26T12:00:00,69.657,35.192,34.403,26.105,-0.389,-14.951,59.619
2024-01-26T13:00:00,70.317,35.676,34.246,26.338,-0.444,-15.043,59.951
2024-01-26T14:00:00,70.965,36.148,34.094,26.566,-0.497,-15.131,60.277
2024-01-26T15:00:00,71.598,36.608,33.946,26.789,-0.547,-15.216,60.595
2024-01-26T16:00:00,72.216,37.056,33.803,27.006,-0.595,-15.296,60.905
2024-01-26T17:00:00,72.817,37.489,33.665,27.217,-0.64,-15.373,61.207
2024-01-26T18:00:00,73.401,37.909,33.532,27.421,-0.683,-15.446,61.5
2024-01-26T19:00:00,73.966,38.313,33.404,27.619,-0.722,-15.514,61.783
2024-01-26T20:00:00,74.511,38.701,33.282,27.809,-0.76,-15.578,62.057
2024-01-26T21:00:00,75.036,39.073,33.164,27.991,-0.794,-15.638,62.321
2024-01-26T22:00:00,75.539,39.427,33.052,28.165,-0.826,-15.694,62.574
2024-01-26T23:00:00,76.019,39.763,32.945,28.331,-0.855,-15.745,62.815
2024-01-27T00:00:00,76.476,40.08,32.844,28.488,-0.882,-15.791,63.046
2024-01-27T01:00:00,76.909,40.377,32.748,28.635,-0.906,-15.833,63.264
2024-01-27T02:00:00,77.316,40.655,32.658,28.774,-0.927,-15.871,63.47
2024-01-27T03:00:00,77.698,40.911,32.574,28.902,-0.945,-15.903,63.663
2024-01-27T04:00:00,78.052,41.147,32.495,29.02,-0.961,-15.931,63.843
2024-01-27T05:00:00,78.38,41.361,32.421,29.128,-0.974,-15.955,64.01
2024-01-27T06:00:00,78.679,41.553,32.354,29.225,-0.985,-15.973,64.164
2024-01-27T07:00:00,78.95,41.723,32.292,29.311,-0.993,-15.987,64.303
2024-01-27T08:00:00,79.192,41.869,32.236,29.387,-0.998,-15.996,64.429
2024-01-27T09:00:00,79.404,41.993,32.186,29.451,-1.0,-16.0,64.54
2024-01-27T10:00:00,79.586,42.092,32.142,29.503,-0.999,-15.999,64.637
2024-01-27T11:00:00,79.738,42.168,32.104,29.545,-0.996,-15.993,64.719
2024-01-27T12:00:00,79.859,42.22,32.072,29.574,-0.99,-15.983,64.786
2024-01-27T13:00:00,79.949,42.247,32.045,29.592,-0.982,-15.968,64.838
2024-01-27T14:00:00,80.007,42.25,32.025,29.598,-0.971,-15.948,64.875
2024-01-27T15:00:00,80.035,42.229,32.011,29.592,-0.957,-15.923,64.897
2024-01-27T16:00:00,80.03,42.183,32.002,29.574,-0.94,-15.894,64.904
2024-01-27T17:00:00,79.994,42.112,32.0,29.545,-0.921,-15.86,64.895
2024-01-27T18:00:00,79.927,42.016,32.004,29.503,-0.899,-15.821,64.872
2024-01-27T19:00:00,79.828,41.896,32.013,29.449,-0.874,-15.777,64.833
2024-01-27T20:00:00,79.697,41.752,32.029,29.384,-0.846,-15.729,64.779
2024-01-27T21:00:00,79.535,41.583,32.051,29.307,-0.816,-15.677,64.709
2024-01-27T22:00:00,79.342,41.39,32.078,29.218,-0.784,-15.62,64.625
2024-01-27T23:00:00,79.118,41.173,32.112,29.117,-0.748,-15.559,64.526
2024-01-28T00:00:00,78.863,40.932,32.152,29.005,-0.71,-15.493,64.412
2024-01-28T01:00:00,78.578,40.668,32.197,28.882,-0.67,-15.423,64.284
2024-01-28T02:00:00,78.264,40.381,32.249,28.747,-0.626,-15.35,64.141
2024-01-28T03:00:00,77.92,40.071,32.306,28.602,-0.581,-15.272,63.984
2024-01-28T04:00:00,77.547,39.738,32.369,28.446,-0.532,-15.19,63.813
2024-01-28T05:00:00,77.147,39.384,32.438,28.279,-0.481,-15.104,63.628
2024-01-28T06:00:00,76.718,39.009,32.512,28.103,-0.428,-15.015,63.43
2024-01-28T07:00:00,76.263,38.612,32.592,27.916,-0.371,-14.922,63.219
2024-01-28T08:00:00,75.781,38.196,32.678,27.72,-0.313,-14.825,62.995
2024-01-28T09:00:00,75.274,37.759,32.77,27.514,-0.252,-14.725,62.759
2024-01-28T10:00:00,74.742,37.304,32.867,27.299,-0.188,-14.622,62.51
2024-01-28T11:00:00,74.186,36.83,32.97,27.076,-0.122,-14.515,62.25
2024-01-28T12:00:00,73.607,36.338,33.078,26.844,-0.053,-14.406,61.979
2024-01-28T13:00:00,73.007,35.83,33.191,26.605,0.018,-14.293,61.697
2024-01-28T14:00:00,72.385,35.305,33.31,26.358,0.091,-14.178,61.404
2024-01-28T15:00:00,71.743,34.764,33.433,26.103,0.167,-14.06,61.101
2024-01-28T16:00:00,71.082,34.209,33.562,25.842,0.245,-13.94,60.789
2024-01-28T17:00:00,70.403,33.64,33.696,25.575,0.325,-13.817,60.468
2024-01-28T18:00:00,69.707,33.058,33.836,25.302,0.408,-13.693,60.138
2024-01-28T19:00:00,68.995,32.464,33.979,25.024,0.493,-13.566,59.801
2024-01-28T20:00:00,68.269,31.858,34.128,24.74,0.58,-13.437,59.455
2024-01-28T21:00:00,67.529,31.242,34.282,24.453,0.67,-13.307,59.103
2024-01-28T22:00:00,66.777,30.617,34.44,24.161,0.762,-13.175,58.745
2024-01-28T23:00:00,66.014,29.983,34.603,23.866,0.856,-13.041,58.381
2024-01-29T00:00:00,65.242,29.341,34.77,23.568,0.952,-12.907,58.011
2024-01-29T01:00:00,64.46,28.693,34.941,23.267,1.05,-12.771,57.637
2024-01-29T02:00:00,63.672,28.04,35.117,22.965,1.15,-12.634,57.258
2024-01-29T03:00:00,62.877,27.382,35.297,22.661,1.253,-12.496,56.877
2024-01-29T04:00:00,62.078,26.72,35.481,22.356,1.357,-12.358,56.492
2024-01-29T05:00:00,61.275,26.055,35.668,22.051,1.463,-12.22,56.105
2024-01-29T06:00:00,60.47,25.389,35.86,21.746,1.572,-12.081,55.716
2024-01-29T07:00:00,59.665,24.723,36.055,21.441,1.682,-11.942,55.326
2024-01-29T08:00:00,58.86,24.056,36.254,21.138,1.794,-11.803,54.935
2024-01-29T09:00:00,58.057,23.392,36.456,20.837,1.908,-11.665,54.545
2024-01-29T10:00:00,57.257,22.729,36.662,20.538,2.024,-11.527,54.155
2024-01-29T11:00:00,56.461,22.071,36.871,20.241,2.142,-11.389,53.766
2024-01-29T12:00:00,55.672,21.416,37.083,19.948,2.262,-11.252,53.38
2024-01-29T13:00:00,54.889,20.767,37.298,19.659,2.383,-11.116,52.995
2024-01-29T14:00:00,54.115,20.124,37.515,19.374,2.506,-10.981,52.614
2024-01-29T15:00:00,53.35,19.489,37.736,19.094,2.63,-10.848,52.236
2024-01-29T16:00:00,52.596,18.862,37.959,18.819,2.757,-10.715,51.863
2024-01-29T17:00:00,51.854,18.245,38.184,18.55,2.884,-10.585,51.494
2024-01-29T18:00:00,51.126,17.637,38.412,18.287,3.014,-10.456,51.131
2024-01-29T19:00:00,50.411,17.041,38.642,18.031,3.145,-10.328,50.773
2024-01-29T20:00:00,49.713,16.457,38.874,17.782,3.277,-10.203,50.422
2024-01-29T21:00:00,49.031,15.886,39.107,17.541,3.41,-10.08,50.078
2024-01-29T22:00:00,48.367,15.328,39.343,17.308,3.546,-9.96,49.741
2024-01-29T23:00:00,47.722,14.785,39.58,17.083,3.682,-9.841,49.412
2024-01-30T00:00:00,47.096,14.258,39.818,16.867,3.82,-9.726,49.091
2024-01-30T01:00:00,46.492,13.746,40.058,16.66,3.959,-9.613,48.779
2024-01-30T02:00:00,45.91,13.252,40.299,16.464,4.099,-9.503,48.477
2024-01-30T03:00:00,45.35,12.775,40.541,16.277,4.24,-9.396,48.184
2024-01-30T04:00:00,44.814,12.316,40.784,16.1,4.383,-9.292,47.901
2024-01-30T05:00:00,44.303,11.876,41.028,15.934,4.526,-9.192,47.629
2024-01-30T06:00:00,43.817,11.456,41.272,15.779,4.671,-9.094,47.368
2024-01-30T07:00:00,43.357,11.056,41.517,15.636,4.817,-9.001,47.118
2024-01-30T08:00:00,42.924,10.677,41.761,15.504,4.963,-8.911,46.88
2024-01-30T09:00:00,42.518,10.32,42.007,15.384,5.111,-8.824,46.653
2024-01-30T10:00:00,42.141,9.984,42.252,15.275,5.259,-8.742,46.439
2024-01-30T11:00:00,41.792,9.67,42.497,15.179,5.409,-8.663,46.237
2024-01-30T12:00:00,41.472,9.379,42.741,15.096,5.559,-8.589,46.048
2024-01-30T13:00:00,41.183,9.111,42.985,15.025,5.709,-8.518,45.872
2024-01-30T14:00:00,40.923,8.866,43.229,14.967,5.861,-8.452,45.709
2024-01-30T15:00:00,40.694,8.645,43.472,14.921,6.013,-8.39,45.56
2024-01-30T16:00:00,40.495,8.448,43.714,14.889,6.166,-8.332,45.424
2024-01-30T17:00:00,40.328,8.275,43.955,14.87,6.319,-8.279,45.301
2024-01-30T18:00:00,40.192,8.126,44.194,14.864,6.473,-8.23,45.193
2024-01-30T19:00:00,40.088,8.002,44.433,14.871,6.627,-8.186,45.098
2024-01-30T20:00:00,40.015,7.902,44.67,14.891,6.781,-8.147,45.017
2024-01-30T21:00:00,39.974,7.827,44.905,14.925,6.936,-8.112,44.95
2024-01-30T22:00:00,39.964,7.777,45.139,14.971,7.092,-8.081,44.898
2024-01-30T23:00:00,39.986,7.752,45.371,15.031,7.247,-8.056,44.859
